{
    "precision": 0.9990673091870045,
    "recall": 0.4773824556191042,
    "f1_score": 0.6460595094491355,
    "accuracy": 0.6028424792735886,
    "specificity": 0.9985941893158388,
    "true_positives": 6427,
    "true_negatives": 4262,
    "false_positives": 6,
    "false_negatives": 7036,
    "threshold": 0.5866107569893192,
    "mean_error_normal": 0.4718084721864433,
    "mean_error_anomaly": 1.6644741880718879
}